-- Sample data

SET SQL_MODE="NO_AUTO_VALUE_ON_ZERO";
SET time_zone = "+00:00";

/*!40101 SET @OLD_CHARACTER_SET_CLIENT=@@CHARACTER_SET_CLIENT */;
/*!40101 SET @OLD_CHARACTER_SET_RESULTS=@@CHARACTER_SET_RESULTS */;
/*!40101 SET @OLD_COLLATION_CONNECTION=@@COLLATION_CONNECTION */;
/*!40101 SET NAMES utf8 */;

-- Table structure for table `group`
CREATE TABLE IF NOT EXISTS `group` (
  `grpId` int(3) NOT NULL,
  `grpName` varchar(45) NOT NULL,
  PRIMARY KEY (`grpId`),
  KEY `grpName` (`grpName`),
  KEY `grpName_2` (`grpName`)
) ENGINE=InnoDB DEFAULT CHARSET=latin1;

-- Dumping data for table `group`
INSERT INTO `group` (`grpId`, `grpName`) VALUES
(0, '-Any-'),
(1, 'Dogs'),
(2, 'Horses'),
(3, 'Cats'),
(4, 'Grass'),
(5, 'Spiders');

-- Table structure for table `records`
CREATE TABLE IF NOT EXISTS `records` (
  `recid` int(10) DEFAULT NULL,
  `recSpecies_id` int(8) DEFAULT NULL,
  `recSite_id` int(8) DEFAULT NULL,
  `recYear` int(4) NOT NULL,
  `recFulldate` varchar(11) DEFAULT NULL,
  `recTetrad` varchar(5) NOT NULL,
  `recFullGrid` varchar(10) DEFAULT NULL,
  `recRecorders` varchar(50) DEFAULT NULL,
  `recDeterminer` varchar(20) DEFAULT NULL,
  `recSexStage` varchar(20) DEFAULT NULL,
  `recAbundance` varchar(7) DEFAULT NULL,
  `recType` varchar(20) DEFAULT NULL,
  `recComment` text
) ENGINE=InnoDB DEFAULT CHARSET=utf8;

-- Dumping data for table `records`
INSERT INTO `records` (`recid`, `recSpecies_id`, `recSite_id`, `recYear`, `recFulldate`, `recTetrad`, `recFullGrid`, `recRecorders`, `recDeterminer`, `recSexStage`, `recAbundance`, `recType`, `recComment`) VALUES
(1, 1000, 1, 2013, '05/07/2013', 'SO79K', 'SO745902', 'Smith, Mr Robert', 'Undetermined', 'N/A', 'N/A', 'N/A', 'N/A'),
(2, 1000, 1, 2013, '19/06/2013', 'SO79K', 'SO745902', 'Smith, Mr Robert', 'Undetermined', 'N/A', 'N/A', 'N/A', 'N/A'),
(3, 1001, 2, 2013, '27/06/2013', 'SJ60W', 'SJ683034', 'Smith, Mr Robert', 'Undetermined', 'N/A', 'N/A', 'N/A', 'N/A'),
(4, 1001, 2, 2013, '08/07/2013', 'SJ60W', 'SJ683034', 'Smith, Mr Robert', 'Undetermined', 'N/A', 'N/A', 'N/A', 'N/A'),
(5, 1002, 3, 2014, '17/07/2014', 'SJ41H', 'SJ434144', 'Smith, Mr Robert', 'Undetermined', 'N/A', 'N/A', 'N/A', 'N/A'),
(6, 1002, 3, 2014, '07/05/2014', 'SJ41H', 'SJ434144', 'Smith, Mr Robert', 'Undetermined', 'N/A', 'N/A', 'N/A', 'N/A'),
(7, 1003, 4, 2014, '13/07/2014', 'SO48G', 'SO438824', 'Smith, Mr Robert', 'Undetermined', 'N/A', 'N/A', 'N/A', 'N/A'),
(8, 1003, 4, 2014, '17/07/2014', 'SO48G', 'SO438824', 'Smith, Mr Robert', 'Undetermined', 'N/A', 'N/A', 'N/A', 'N/A'),
(9, 1004, 5, 2015, '15/04/2015', 'SO79K', 'SO745902', 'Smith, Mr Robert', 'Undetermined', 'N/A', 'N/A', 'N/A', 'N/A'),
(10, 1004, 5, 2015, '16/04/2015', 'SO79K', 'SO745902', 'Smith, Mr Robert', 'Undetermined', 'N/A', 'N/A', 'N/A', 'N/A'),
(11, 1004, 1, 2015, '20/04/2015', 'SO79K', 'SO745902', 'Smith, Mr Robert', 'Undetermined', 'N/A', 'N/A', 'N/A', 'N/A'),
(12, 1004, 1, 2015, '03/04/2015', 'SO79K', 'SO745902', 'Jones, Mr John', 'Undetermined', 'N/A', 'N/A', 'N/A', 'N/A'),
(13, 1004, 2, 2016, '15/04/2016', 'SJ60W', 'SJ683034', 'Jones, Mr John', 'Undetermined', 'N/A', 'N/A', 'N/A', 'N/A'),
(14, 1005, 2, 2016, '02/06/2016', 'SO79K', 'SO745902', 'Jones, Mr John', 'Undetermined', 'N/A', 'N/A', 'N/A', 'N/A'),
(15, 1005, 3, 2016, '19/06/2016', 'SJ41H', 'SJ434144', 'Jones, Mr John', 'Undetermined', 'N/A', 'N/A', 'N/A', 'N/A'),
(16, 1005, 3, 2016, '05/07/2016', 'SJ41H', 'SJ434144', 'Jones, Mr John', 'Undetermined', 'N/A', 'N/A', 'N/A', 'N/A'),
(17, 1005, 4, 2017, '16/06/2017', 'SO48G', 'SO438824', 'Jones, Mr John', 'Undetermined', 'N/A', 'N/A', 'N/A', 'N/A'),
(18, 1005, 4, 2017, '01/05/2017', 'SO48G', 'SO438824', 'Jones, Mr John', 'Undetermined', 'N/A', 'N/A', 'N/A', 'N/A'),
(19, 1006, 5, 2017, '09/07/2017', 'SO79K', 'SO745902', 'Jones, Mr John', 'Undetermined', 'N/A', 'N/A', 'N/A', 'N/A'),
(20, 1006, 5, 2017, '03/04/2017', 'SO79K', 'SO745902', 'Jones, Mr John', 'Undetermined', 'N/A', 'N/A', 'N/A', 'N/A');

-- Table structure for table `sites`
CREATE TABLE IF NOT EXISTS `sites` (
  `siteid` mediumint(8) NOT NULL DEFAULT '0',
  `siteName` varchar(50) NOT NULL DEFAULT '',
  `siteSSSI` varchar(10) DEFAULT NULL,
  `siteDesc` tinytext NOT NULL,
  PRIMARY KEY (`siteid`),
  KEY `sitName` (`siteName`)
) ENGINE=MyISAM DEFAULT CHARSET=latin1;

-- Dumping data for table `sites`
INSERT INTO `sites` (`siteid`, `siteName`, `siteSSSI`, `siteDesc`) VALUES
(1, 'Abbey Hill', 'Unknown', 'A very big hill'),
(2, 'Broad Woods', 'Unknown', 'Lots of trees'),
(3, 'Church Field', 'Unknown', 'Near a church'),
(4, 'Dale Meadow', 'Unknown', 'A meadow in a valley'),
(5, 'Evergreen Forest', 'Unknown', 'A big pine forest');

-- Table structure for table `species`
CREATE TABLE IF NOT EXISTS `species` (
  `sppid` mediumint(8) NOT NULL DEFAULT '0',
  `sppName` varchar(45) NOT NULL DEFAULT '',
  `sppCommon` varchar(45) NOT NULL DEFAULT '',
  `sppGroup` varchar(45) NOT NULL,
  `sppAxio` enum('0','1') DEFAULT NULL,
  `sppStatus` varchar(20) NOT NULL,
  PRIMARY KEY (`sppid`),
  KEY `sppName` (`sppName`),
  KEY `sppCommon` (`sppCommon`)
) ENGINE=MyISAM DEFAULT CHARSET=latin1;

-- Dumping data for table `species`
INSERT INTO `species` (`sppid`, `sppName`, `sppCommon`, `sppGroup`, `sppAxio`, `sppStatus`) VALUES
(1000, 'Iosephus Romulius', 'Sand Dog', '1', '0', 'Unknown'),
(1001, 'Philopolemus Farus', 'Spotty Dog', '1', '0', 'Unknown'),
(1002, 'Martinus Surus', 'Big Horse', '2', '0', 'Unknown'),
(1003, 'Abundantius Marcipor', 'Brown Horse', '2', '0', 'Unknown'),
(1004, 'Phaedria Hadrius', 'White Cat', '3', '0', 'Unknown'),
(1005, 'Theodorus Frugi', 'Yellow Cat', '3', '0', 'Unknown'),
(1006, 'Hadrius Bromidus', 'Tall Grass', '4', '0', 'Unknown'),
(1007, 'Iosephus Vitalis', 'Black Grass', '4', '0', 'Unknown'),
(1008, 'Philopolemus Cotentinus', 'Brown Spider', '5', '0', 'Unknown'),
(1009, 'Sagaristio Tullius', 'Grey Spider', '5', '0', 'Unknown');

-- Table structure for table `tetrads`
CREATE TABLE IF NOT EXISTS `tetrads` (
  `tetrad_id` varchar(5) NOT NULL DEFAULT '',
  PRIMARY KEY (`tetrad_id`)
) ENGINE=MyISAM DEFAULT CHARSET=utf8;

-- Dumping data for table `tetrads`
INSERT INTO `tetrads` (`tetrad_id`) VALUES
('SJ20K'),
('SJ20Q'),
('SJ20R'),
('SJ20S'),
('SJ20V'),
('SJ20W'),
('SJ20X'),
('SJ20Y'),
('SJ20Z'),
('SJ21U'),
('SJ21V'),
('SJ21Z'),
('SJ22B'),
('SJ22C'),
('SJ22D'),
('SJ22E'),
('SJ22F'),
('SJ22G'),
('SJ22H'),
('SJ22I'),
('SJ22J'),
('SJ22K'),
('SJ22L'),
('SJ22M'),
('SJ22N'),
('SJ22P'),
('SJ22Q'),
('SJ22R'),
('SJ22S'),
('SJ22T'),
('SJ22U'),
('SJ22V'),
('SJ22W'),
('SJ22X'),
('SJ22Y'),
('SJ22Z'),
('SJ23F'),
('SJ23G'),
('SJ23K'),
('SJ23L'),
('SJ23M'),
('SJ23N'),
('SJ23Q'),
('SJ23R'),
('SJ23S'),
('SJ23T'),
('SJ23V'),
('SJ23W'),
('SJ23X'),
('SJ23Y'),
('SJ30A'),
('SJ30B'),
('SJ30C'),
('SJ30D'),
('SJ30E'),
('SJ30F'),
('SJ30G'),
('SJ30H'),
('SJ30I'),
('SJ30J'),
('SJ30K'),
('SJ30L'),
('SJ30M'),
('SJ30N'),
('SJ30P'),
('SJ30Q'),
('SJ30R'),
('SJ30S'),
('SJ30T'),
('SJ30U'),
('SJ30V'),
('SJ30W'),
('SJ30X'),
('SJ30Y'),
('SJ30Z'),
('SJ31A'),
('SJ31B'),
('SJ31C'),
('SJ31D'),
('SJ31E'),
('SJ31F'),
('SJ31G'),
('SJ31H'),
('SJ31I'),
('SJ31J'),
('SJ31K'),
('SJ31L'),
('SJ31M'),
('SJ31N'),
('SJ31P'),
('SJ31Q'),
('SJ31R'),
('SJ31S'),
('SJ31T'),
('SJ31U'),
('SJ31V'),
('SJ31W'),
('SJ31X'),
('SJ31Y'),
('SJ31Z'),
('SJ32A'),
('SJ32B'),
('SJ32C'),
('SJ32D'),
('SJ32E'),
('SJ32F'),
('SJ32G'),
('SJ32H'),
('SJ32I'),
('SJ32J'),
('SJ32K'),
('SJ32L'),
('SJ32M'),
('SJ32N'),
('SJ32P'),
('SJ32Q'),
('SJ32R'),
('SJ32S'),
('SJ32T'),
('SJ32U'),
('SJ32V'),
('SJ32W'),
('SJ32X'),
('SJ32Y'),
('SJ32Z'),
('SJ33A'),
('SJ33B'),
('SJ33C'),
('SJ33D'),
('SJ33E'),
('SJ33F'),
('SJ33G'),
('SJ33H'),
('SJ33I'),
('SJ33J'),
('SJ33K'),
('SJ33L'),
('SJ33M'),
('SJ33N'),
('SJ33P'),
('SJ33Q'),
('SJ33R'),
('SJ33S'),
('SJ33T'),
('SJ33U'),
('SJ33V'),
('SJ33W'),
('SJ33X'),
('SJ33Y'),
('SJ33Z'),
('SJ34F'),
('SJ34K'),
('SJ40A'),
('SJ40B'),
('SJ40C'),
('SJ40D'),
('SJ40E'),
('SJ40F'),
('SJ40G'),
('SJ40H'),
('SJ40I'),
('SJ40J'),
('SJ40K'),
('SJ40L'),
('SJ40M'),
('SJ40N'),
('SJ40P'),
('SJ40Q'),
('SJ40R'),
('SJ40S'),
('SJ40T'),
('SJ40U'),
('SJ40V'),
('SJ40W'),
('SJ40X'),
('SJ40Y'),
('SJ40Z'),
('SJ41A'),
('SJ41B'),
('SJ41C'),
('SJ41D'),
('SJ41E'),
('SJ41F'),
('SJ41G'),
('SJ41H'),
('SJ41I'),
('SJ41J'),
('SJ41K'),
('SJ41L'),
('SJ41M'),
('SJ41N'),
('SJ41P'),
('SJ41Q'),
('SJ41R'),
('SJ41S'),
('SJ41T'),
('SJ41U'),
('SJ41V'),
('SJ41W'),
('SJ41X'),
('SJ41Y'),
('SJ41Z'),
('SJ42A'),
('SJ42B'),
('SJ42C'),
('SJ42D'),
('SJ42E'),
('SJ42F'),
('SJ42G'),
('SJ42H'),
('SJ42I'),
('SJ42J'),
('SJ42K'),
('SJ42L'),
('SJ42M'),
('SJ42N'),
('SJ42P'),
('SJ42Q'),
('SJ42R'),
('SJ42S'),
('SJ42T'),
('SJ42U'),
('SJ42V'),
('SJ42W'),
('SJ42X'),
('SJ42Y'),
('SJ42Z'),
('SJ43A'),
('SJ43B'),
('SJ43C'),
('SJ43D'),
('SJ43E'),
('SJ43F'),
('SJ43G'),
('SJ43H'),
('SJ43I'),
('SJ43J'),
('SJ43K'),
('SJ43L'),
('SJ43M'),
('SJ43N'),
('SJ43Q'),
('SJ43R'),
('SJ43S'),
('SJ43V'),
('SJ43W'),
('SJ43X'),
('SJ43Y'),
('SJ50A'),
('SJ50B'),
('SJ50C'),
('SJ50D'),
('SJ50E'),
('SJ50F'),
('SJ50G'),
('SJ50H'),
('SJ50I'),
('SJ50J'),
('SJ50K'),
('SJ50L'),
('SJ50M'),
('SJ50N'),
('SJ50P'),
('SJ50Q'),
('SJ50R'),
('SJ50S'),
('SJ50T'),
('SJ50U'),
('SJ50V'),
('SJ50W'),
('SJ50X'),
('SJ50Y'),
('SJ50Z'),
('SJ51A'),
('SJ51B'),
('SJ51C'),
('SJ51D'),
('SJ51E'),
('SJ51F'),
('SJ51G'),
('SJ51H'),
('SJ51I'),
('SJ51J'),
('SJ51K'),
('SJ51L'),
('SJ51M'),
('SJ51N'),
('SJ51P'),
('SJ51Q'),
('SJ51R'),
('SJ51S'),
('SJ51T'),
('SJ51U'),
('SJ51V'),
('SJ51W'),
('SJ51X'),
('SJ51Y'),
('SJ51Z'),
('SJ52A'),
('SJ52B'),
('SJ52C'),
('SJ52D'),
('SJ52E'),
('SJ52F'),
('SJ52G'),
('SJ52H'),
('SJ52I'),
('SJ52J'),
('SJ52K'),
('SJ52L'),
('SJ52M'),
('SJ52N'),
('SJ52P'),
('SJ52Q'),
('SJ52R'),
('SJ52S'),
('SJ52T'),
('SJ52U'),
('SJ52V'),
('SJ52W'),
('SJ52X'),
('SJ52Y'),
('SJ52Z'),
('SJ53A'),
('SJ53B'),
('SJ53C'),
('SJ53D'),
('SJ53E'),
('SJ53F'),
('SJ53G'),
('SJ53H'),
('SJ53I'),
('SJ53J'),
('SJ53K'),
('SJ53L'),
('SJ53M'),
('SJ53N'),
('SJ53P'),
('SJ53Q'),
('SJ53R'),
('SJ53S'),
('SJ53T'),
('SJ53U'),
('SJ53V'),
('SJ53W'),
('SJ53X'),
('SJ53Y'),
('SJ53Z'),
('SJ54A'),
('SJ54B'),
('SJ54F'),
('SJ54G'),
('SJ54H'),
('SJ54K'),
('SJ54L'),
('SJ54M'),
('SJ54Q'),
('SJ54R'),
('SJ54S'),
('SJ54V'),
('SJ54W'),
('SJ60A'),
('SJ60B'),
('SJ60C'),
('SJ60D'),
('SJ60E'),
('SJ60F'),
('SJ60G'),
('SJ60H'),
('SJ60I'),
('SJ60J'),
('SJ60K'),
('SJ60L'),
('SJ60M'),
('SJ60N'),
('SJ60P'),
('SJ60Q'),
('SJ60R'),
('SJ60S'),
('SJ60T'),
('SJ60U'),
('SJ60V'),
('SJ60W'),
('SJ60X'),
('SJ60Y'),
('SJ60Z'),
('SJ61A'),
('SJ61B'),
('SJ61C'),
('SJ61D'),
('SJ61E'),
('SJ61F'),
('SJ61G'),
('SJ61H'),
('SJ61I'),
('SJ61J'),
('SJ61K'),
('SJ61L'),
('SJ61M'),
('SJ61N'),
('SJ61P'),
('SJ61Q'),
('SJ61R'),
('SJ61S'),
('SJ61T'),
('SJ61U'),
('SJ61V'),
('SJ61W'),
('SJ61X'),
('SJ61Y'),
('SJ61Z'),
('SJ62A'),
('SJ62B'),
('SJ62C'),
('SJ62D'),
('SJ62E'),
('SJ62F'),
('SJ62G'),
('SJ62H'),
('SJ62I'),
('SJ62J'),
('SJ62K'),
('SJ62L'),
('SJ62M'),
('SJ62N'),
('SJ62P'),
('SJ62Q'),
('SJ62R'),
('SJ62S'),
('SJ62T'),
('SJ62U'),
('SJ62V'),
('SJ62W'),
('SJ62X'),
('SJ62Y'),
('SJ62Z'),
('SJ63A'),
('SJ63B'),
('SJ63C'),
('SJ63D'),
('SJ63E'),
('SJ63F'),
('SJ63G'),
('SJ63H'),
('SJ63I'),
('SJ63J'),
('SJ63K'),
('SJ63L'),
('SJ63M'),
('SJ63N'),
('SJ63P'),
('SJ63Q'),
('SJ63R'),
('SJ63S'),
('SJ63T'),
('SJ63U'),
('SJ63V'),
('SJ63W'),
('SJ63X'),
('SJ63Y'),
('SJ63Z'),
('SJ64A'),
('SJ64B'),
('SJ64F'),
('SJ64K'),
('SJ64L'),
('SJ64Q'),
('SJ64V'),
('SJ70A'),
('SJ70B'),
('SJ70C'),
('SJ70D'),
('SJ70E'),
('SJ70F'),
('SJ70G'),
('SJ70H'),
('SJ70I'),
('SJ70J'),
('SJ70K'),
('SJ70L'),
('SJ70M'),
('SJ70N'),
('SJ70P'),
('SJ70Q'),
('SJ70R'),
('SJ70S'),
('SJ70T'),
('SJ70U'),
('SJ70V'),
('SJ70W'),
('SJ70X'),
('SJ70Y'),
('SJ70Z'),
('SJ71A'),
('SJ71B'),
('SJ71C'),
('SJ71D'),
('SJ71E'),
('SJ71F'),
('SJ71G'),
('SJ71H'),
('SJ71I'),
('SJ71J'),
('SJ71K'),
('SJ71L'),
('SJ71M'),
('SJ71N'),
('SJ71P'),
('SJ71Q'),
('SJ71S'),
('SJ71T'),
('SJ71U'),
('SJ71V'),
('SJ71X'),
('SJ71Y'),
('SJ72A'),
('SJ72B'),
('SJ72C'),
('SJ72D'),
('SJ72E'),
('SJ72F'),
('SJ72G'),
('SJ72H'),
('SJ72I'),
('SJ72J'),
('SJ72K'),
('SJ72L'),
('SJ72M'),
('SJ72P'),
('SJ73A'),
('SJ73B'),
('SJ73D'),
('SJ73E'),
('SJ73F'),
('SJ73G'),
('SJ73J'),
('SJ73K'),
('SJ73L'),
('SJ73P'),
('SJ74A'),
('SJ74B'),
('SJ74F'),
('SJ74G'),
('SJ74H'),
('SJ74K'),
('SJ74L'),
('SJ74M'),
('SJ80A'),
('SJ80B'),
('SJ80C'),
('SJ80D'),
('SJ80E'),
('SJ80F'),
('SJ80G'),
('SJ80H'),
('SJ80I'),
('SJ80J'),
('SJ80M'),
('SJ80N'),
('SO17Z'),
('SO18Q'),
('SO18R'),
('SO18S'),
('SO18T'),
('SO18V'),
('SO18W'),
('SO18X'),
('SO18Y'),
('SO27D'),
('SO27E'),
('SO27I'),
('SO27J'),
('SO27M'),
('SO27N'),
('SO27P'),
('SO27R'),
('SO27S'),
('SO27T'),
('SO27U'),
('SO27W'),
('SO27X'),
('SO27Y'),
('SO27Z'),
('SO28A'),
('SO28B'),
('SO28C'),
('SO28D'),
('SO28E'),
('SO28F'),
('SO28G'),
('SO28H'),
('SO28I'),
('SO28J'),
('SO28K'),
('SO28L'),
('SO28M'),
('SO28N'),
('SO28P'),
('SO28Q'),
('SO28R'),
('SO28S'),
('SO28T'),
('SO28U'),
('SO28V'),
('SO28W'),
('SO28X'),
('SO28Y'),
('SO28Z'),
('SO29G'),
('SO29I'),
('SO29J'),
('SO29L'),
('SO29M'),
('SO29N'),
('SO29P'),
('SO29R'),
('SO29S'),
('SO29T'),
('SO29U'),
('SO29V'),
('SO29X'),
('SO29Y'),
('SO29Z'),
('SO37B'),
('SO37C'),
('SO37D'),
('SO37E'),
('SO37G'),
('SO37H'),
('SO37I'),
('SO37J'),
('SO37L'),
('SO37M'),
('SO37N'),
('SO37P'),
('SO37R'),
('SO37S'),
('SO37T'),
('SO37U'),
('SO37X'),
('SO37Y'),
('SO37Z'),
('SO38A'),
('SO38B'),
('SO38C'),
('SO38D'),
('SO38E'),
('SO38F'),
('SO38G'),
('SO38H'),
('SO38I'),
('SO38J'),
('SO38K'),
('SO38L'),
('SO38M'),
('SO38N'),
('SO38P'),
('SO38Q'),
('SO38R'),
('SO38S'),
('SO38T'),
('SO38U'),
('SO38V'),
('SO38W'),
('SO38X'),
('SO38Y'),
('SO38Z'),
('SO39A'),
('SO39B'),
('SO39D'),
('SO39E'),
('SO39F'),
('SO39G'),
('SO39H'),
('SO39I'),
('SO39J'),
('SO39K'),
('SO39L'),
('SO39M'),
('SO39N'),
('SO39P'),
('SO39Q'),
('SO39R'),
('SO39S'),
('SO39T'),
('SO39U'),
('SO39V'),
('SO39W'),
('SO39X'),
('SO39Y'),
('SO39Z'),
('SO46Z'),
('SO47D'),
('SO47E'),
('SO47I'),
('SO47J'),
('SO47L'),
('SO47M'),
('SO47N'),
('SO47P'),
('SO47Q'),
('SO47R'),
('SO47S'),
('SO47T'),
('SO47U'),
('SO47V'),
('SO47W'),
('SO47X'),
('SO47Y'),
('SO47Z'),
('SO48A'),
('SO48B'),
('SO48C'),
('SO48D'),
('SO48E'),
('SO48F'),
('SO48G'),
('SO48H'),
('SO48I'),
('SO48J'),
('SO48K'),
('SO48L'),
('SO48M'),
('SO48N'),
('SO48P'),
('SO48Q'),
('SO48R'),
('SO48S'),
('SO48T'),
('SO48U'),
('SO48V'),
('SO48W'),
('SO48X'),
('SO48Y'),
('SO48Z'),
('SO49A'),
('SO49B'),
('SO49C'),
('SO49D'),
('SO49E'),
('SO49F'),
('SO49G'),
('SO49H'),
('SO49I'),
('SO49J'),
('SO49K'),
('SO49L'),
('SO49M'),
('SO49N'),
('SO49P'),
('SO49Q'),
('SO49R'),
('SO49S'),
('SO49T'),
('SO49U'),
('SO49V'),
('SO49W'),
('SO49X'),
('SO49Y'),
('SO49Z'),
('SO56E'),
('SO56J'),
('SO56T'),
('SO56U'),
('SO56Y'),
('SO56Z'),
('SO57A'),
('SO57B'),
('SO57C'),
('SO57D'),
('SO57E'),
('SO57F'),
('SO57G'),
('SO57H'),
('SO57I'),
('SO57J'),
('SO57K'),
('SO57L'),
('SO57M'),
('SO57N'),
('SO57P'),
('SO57Q'),
('SO57R'),
('SO57S'),
('SO57T'),
('SO57U'),
('SO57V'),
('SO57W'),
('SO57X'),
('SO57Y'),
('SO57Z'),
('SO58A'),
('SO58B'),
('SO58C'),
('SO58D'),
('SO58E'),
('SO58F'),
('SO58G'),
('SO58H'),
('SO58I'),
('SO58J'),
('SO58K'),
('SO58L'),
('SO58M'),
('SO58N'),
('SO58P'),
('SO58Q'),
('SO58R'),
('SO58S'),
('SO58T'),
('SO58U'),
('SO58V'),
('SO58W'),
('SO58X'),
('SO58Y'),
('SO58Z'),
('SO59A'),
('SO59B'),
('SO59C'),
('SO59D'),
('SO59E'),
('SO59F'),
('SO59G'),
('SO59H'),
('SO59I'),
('SO59J'),
('SO59K'),
('SO59L'),
('SO59M'),
('SO59N'),
('SO59P'),
('SO59Q'),
('SO59R'),
('SO59S'),
('SO59T'),
('SO59U'),
('SO59V'),
('SO59W'),
('SO59X'),
('SO59Y'),
('SO59Z'),
('SO66E'),
('SO67A'),
('SO67B'),
('SO67C'),
('SO67D'),
('SO67E'),
('SO67F'),
('SO67G'),
('SO67H'),
('SO67I'),
('SO67J'),
('SO67K'),
('SO67L'),
('SO67M'),
('SO67N'),
('SO67P'),
('SO67Q'),
('SO67R'),
('SO67S'),
('SO67T'),
('SO67U'),
('SO67X'),
('SO67Y'),
('SO67Z'),
('SO68A'),
('SO68B'),
('SO68C'),
('SO68D'),
('SO68E'),
('SO68F'),
('SO68G'),
('SO68H'),
('SO68I'),
('SO68J'),
('SO68K'),
('SO68L'),
('SO68M'),
('SO68N'),
('SO68P'),
('SO68Q'),
('SO68R'),
('SO68S'),
('SO68T'),
('SO68U'),
('SO68V'),
('SO68W'),
('SO68X'),
('SO68Y'),
('SO68Z'),
('SO69A'),
('SO69B'),
('SO69C'),
('SO69D'),
('SO69E'),
('SO69F'),
('SO69G'),
('SO69H'),
('SO69I'),
('SO69J'),
('SO69K'),
('SO69L'),
('SO69M'),
('SO69N'),
('SO69P'),
('SO69Q'),
('SO69R'),
('SO69S'),
('SO69T'),
('SO69U'),
('SO69V'),
('SO69W'),
('SO69X'),
('SO69Y'),
('SO69Z'),
('SO77C'),
('SO77D'),
('SO77E'),
('SO77H'),
('SO77I'),
('SO77J'),
('SO77N'),
('SO77P'),
('SO77S'),
('SO77T'),
('SO77U'),
('SO77X'),
('SO77Y'),
('SO77Z'),
('SO78A'),
('SO78B'),
('SO78C'),
('SO78D'),
('SO78E'),
('SO78F'),
('SO78G'),
('SO78H'),
('SO78I'),
('SO78J'),
('SO78K'),
('SO78L'),
('SO78M'),
('SO78N'),
('SO78P'),
('SO78Q'),
('SO78R'),
('SO78S'),
('SO78T'),
('SO78U'),
('SO78W'),
('SO78X'),
('SO78Y'),
('SO78Z'),
('SO79A'),
('SO79B'),
('SO79C'),
('SO79D'),
('SO79E'),
('SO79F'),
('SO79G'),
('SO79H'),
('SO79I'),
('SO79J'),
('SO79K'),
('SO79L'),
('SO79M'),
('SO79N'),
('SO79P'),
('SO79Q'),
('SO79R'),
('SO79S'),
('SO79T'),
('SO79U'),
('SO79V'),
('SO79W'),
('SO79X'),
('SO79Y'),
('SO79Z'),
('SO88B'),
('SO88C'),
('SO88D'),
('SO88E'),
('SO89A'),
('SO89B'),
('SO89C'),
('SO89D'),
('SO89E'),
('SO89F'),
('SO89G'),
('SO89H'),
('SO89I');

/*!40101 SET CHARACTER_SET_CLIENT=@OLD_CHARACTER_SET_CLIENT */;
/*!40101 SET CHARACTER_SET_RESULTS=@OLD_CHARACTER_SET_RESULTS */;
/*!40101 SET COLLATION_CONNECTION=@OLD_COLLATION_CONNECTION */
